"file","family","canon_role","score","size_mb","expanded_path","source_path","sha256"
"Nexus2.9 (10).zip","Nexus2.9","integrated_control_plane_skeleton","123","110.77","C:\NexusQuarantine\expanded\nexus29_10","C:\NexusArchiveDrop\Nexus2.9 (10).zip","824136d41dbcb55e3fb57b58aff8a8fa444b5e8c41c376354a3f52d52368ef4f"
"Nexus2.9 (9).zip","Nexus2.9","integrated_control_plane_skeleton","123","110.77","C:\NexusQuarantine\expanded\nexus29_9","C:\NexusArchiveDrop\Nexus2.9 (9).zip","ef932a55fbfd616af5a3aee00a03ede423ad295669a2b2f029764ea8fcabf04c"
"SkylerOS-Truth (2).zip","SkylerOS-Truth","truth_gap_methodology","121","82.62","C:\NexusQuarantine\expanded\skyleros_truth_2","C:\NexusArchiveDrop\SkylerOS-Truth (2).zip","cdecf34a13de96421fa4c78ffcc914f90e342354c544b30bc0a17fec860202c3"
"FrankV2 (50).zip","FrankV2","conversation_shell_and_blocks","118","197.06","C:\NexusQuarantine\expanded\frankv2_50","C:\NexusArchiveDrop\FrankV2 (50).zip","05dcea7960722e929a6d4e71f390734910fb46820121c269b5ff7192df62b9ee"
"FrankCore.zip","FrankCore","conversation_shell_and_blocks","114","33.39","C:\NexusQuarantine\expanded\frankcore","C:\NexusArchiveDrop\FrankCore.zip","6d437607e90d326e3e4a7e1a217ed7a3fd107841909a6b2b26fbcc50b66faa19"
"ODP_clean (4).zip","ODP","assembly_and_release_proofs","107","29.38","C:\NexusQuarantine\expanded\odp_clean_4","C:\NexusArchiveDrop\ODP_clean (4).zip","1ed608655d61d879a6f160a93d802a4001c2ea93cee4132c26b8542cc2bce105"
"skyler-os.zip","SkylerOS","continuity_and_operator_os","107","48.07","C:\NexusQuarantine\expanded\skyler_os","C:\NexusArchiveDrop\skyler-os.zip","ca89d51cb910cb0b8187c0fa36fda38fdef5c93799611c72142e65e8f6e13e5c"
"SkyGPTAgent (2).zip","SkyGPTAgent","continuity_and_operator_os","106","20.46","C:\NexusQuarantine\expanded\skygptagent_2","C:\NexusArchiveDrop\SkyGPTAgent (2).zip","a49e91474053ee753b9dc3dfb3a84edafb98314abb793c3eb1cbfb3995a8b526"
"SkyGPTAgent (32).zip","SkyGPTAgent","continuity_and_operator_os","106","20.46","C:\NexusQuarantine\expanded\skygptagent_32","C:\NexusArchiveDrop\SkyGPTAgent (32).zip","b52b4ee865f0cadaf1d7d3953c1b16e4ada5a4fc5759643643ddbcccd74f4e48"
"autobuilder2.9 (3).zip","autobuilder2.9","integrated_control_plane_skeleton","105","13.9","C:\NexusQuarantine\expanded\autobuilder29_3","C:\NexusArchiveDrop\autobuilder2.9 (3).zip","89e2c6670b4c02d6ec5add0485b035e98d31e61ba862e60edc158d3ceeffedae"
"ODP_FACTORY (3).zip","ODP","assembly_and_release_proofs","104","0.8","C:\NexusQuarantine\expanded\odp_factory_3","C:\NexusArchiveDrop\ODP_FACTORY (3).zip","de119288e9ab0bfb3ee56ef685c511ee414ff5a46781ce203fd9f1aec2d23f3a"
"ODPv2.zip","ODP","assembly_and_release_proofs","104","0","C:\NexusQuarantine\expanded\odpv2","C:\NexusArchiveDrop\ODPv2.zip","78fc444f7a3043709e38ef5a6c7c38394e07980bbbf2af681ca99c742cc5fa8c"
"ODPv3_CAPTURE.zip","ODP","assembly_and_release_proofs","104","0.01","C:\NexusQuarantine\expanded\odpv3_capture","C:\NexusArchiveDrop\ODPv3_CAPTURE.zip","4095642ccb938377c272ec6b19d43f6e45f868f836b736d7f967ce10d2a49de8"
"NexusV3.zip","NexusV3","bootstrap_canon_repo","99","0.04","C:\NexusQuarantine\expanded\nexusv3","C:\NexusArchiveDrop\NexusV3.zip","33ecec775b3fe0b32c0b6920aff82ea93e9cddf3c576434b374af3e3ba8498f4"
"Nexus2.8 (4).zip","Nexus2.8","transitional_api_runtime_reference","98","2.89","C:\NexusQuarantine\expanded\nexus28_4","C:\NexusArchiveDrop\Nexus2.8 (4).zip","43fd4a7c2a6b249db55c69f47e3e48013591c560f545877a8ff12c0b75807fb6"
"Nexus2.8 (5).zip","Nexus2.8","transitional_api_runtime_reference","98","2.89","C:\NexusQuarantine\expanded\nexus28_5","C:\NexusArchiveDrop\Nexus2.8 (5).zip","1042503851ba2d7e70ac76c14ebc6242c44e623ff2d8ab33bdb0ac1b098960f5"
"Nexus (18).zip","Nexus","control_pack_doctrine","94","3.36","C:\NexusQuarantine\expanded\nexus_18","C:\NexusArchiveDrop\Nexus (18).zip","f4951f10a4bef043754191ff3a3212d2d2add2e30224d9f3a28043da1ec51c97"
"Nexus (19).zip","Nexus","control_pack_doctrine","94","3.37","C:\NexusQuarantine\expanded\nexus_19","C:\NexusArchiveDrop\Nexus (19).zip","bbdb69cf04a2270dd235a8afb3f4761a376ec88261f4bb7db6522ab8add8ad0b"
"Nexus.zip","Nexus","control_pack_doctrine","94","10.98","C:\NexusQuarantine\expanded\nexus_zip","C:\NexusArchiveDrop\Nexus.zip","e25bab0fc02e3fbfeef1b8d06621e1b947516b83db1f5b29f991cbf073a5217a"
"NexusV2 - Copy (5).zip","NexusV2","control_pack_doctrine","92","133.06","C:\NexusQuarantine\expanded\nexusv2_copy_5","C:\NexusArchiveDrop\NexusV2 - Copy (5).zip","96ea22dc3315f395b12923ad6f761b0f92dbb633ba628e50454e10870d6f395c"
"NexusV2 (2).zip","NexusV2","control_pack_doctrine","92","2.34","C:\NexusQuarantine\expanded\nexusv2_2","C:\NexusArchiveDrop\NexusV2 (2).zip","4ab84d8509708ec8e078139ba7c52aa619ab4453f86e767c258d6a480dfd59e1"
"NexusV2.zip","NexusV2","control_pack_doctrine","92","2.33","C:\NexusQuarantine\expanded\nexusv2","C:\NexusArchiveDrop\NexusV2.zip","7a3d408f8648b666e621aeffea7ed48dad35513817863e1ac206a6fa71bc55a4"
"autobuilder - Copy (3).zip","autobuilder","control_pack_doctrine","91","13.93","C:\NexusQuarantine\expanded\autobuilder_copy_3","C:\NexusArchiveDrop\autobuilder - Copy (3).zip","1af8f64550d93947ec4dde0155805b141bf54be33e2b7e569f09a02b145e542b"
"autobuilder (10).zip","autobuilder","control_pack_doctrine","91","11.81","C:\NexusQuarantine\expanded\autobuilder_10","C:\NexusArchiveDrop\autobuilder (10).zip","b62ef5542a804798344006887d3f7796ecb7323d97249712c82b58de7d5f08fd"
"autobuilder (11).zip","autobuilder","control_pack_doctrine","91","11.81","C:\NexusQuarantine\expanded\autobuilder_11","C:\NexusArchiveDrop\autobuilder (11).zip","7bf1e2e4292902ebd91abf321eb151327b681ad2add3c5e001d0f8ec6cae121a"
"autobuilderv2 (4).zip","autobuilderv2","control_pack_doctrine","89","13.84","C:\NexusQuarantine\expanded\autobuilderv2_4","C:\NexusArchiveDrop\autobuilderv2 (4).zip","645df4248f5e19024fff553a6fb6ff155b4ff39acdbfde610b51cc5e91f4dc03"
"SkyOSsplitoff32526 - Copy (2).zip","SkyOSsplitoff","continuity_and_operator_os","84","6.51","C:\NexusQuarantine\expanded\skyos_splitoff","C:\NexusArchiveDrop\SkyOSsplitoff32526 - Copy (2).zip","b97085428a48f8340b84b6f26670271fef7a5fe5ce26459f0e7f14e01c1285a6"
"SkylerGPTOS (3).zip","SkylerGPTOS","continuity_and_operator_os","81","0.35","C:\NexusQuarantine\expanded\skylergptos_3","C:\NexusArchiveDrop\SkylerGPTOS (3).zip","73cb70521aa02d3b73f2b6c9e9df5964d6654d24b38e6a76aa13c04acb3fbed0"
"SkyOS (3).zip","SkyOS","continuity_and_operator_os","81","0","C:\NexusQuarantine\expanded\skyos_3","C:\NexusArchiveDrop\SkyOS (3).zip","150366a297fff3bb7076864b32040b05c41ff7e0f80dd9e181dac4150da5b4d3"
"Botomatic.zip","Botomatic","experimental_reference","73","18.48","C:\NexusQuarantine\expanded\botomatic","C:\NexusArchiveDrop\Botomatic.zip","e4fea4ed64e9cdcbca8125621f57ba6026d01755d21380ecf51b6b878d445883"
